{
 "description": "equivalent lens poly",
 "name": "polynomial",
 "thicknesswithplanes": 4.47590006776154,
 "thickness": 4.27590006776154,
    "planeoffset": 0.1,
    "pupilradii": [    0.1719,    1.7298,  1.0439],
    "pupilpos": [    1.5411,  2.5697,  0.8978],
    "sensitivity_ellipse": [0.3 ,0 ,0],
  "poly": [
  {
   "outputname": "outx",
   "termr": [5,4,4,4,3,3,3,3,3,3,2,2,2,2,2,2,2,2,2,2,1,1,1,1,1,1,1,1,1,1,1,1,1,1,1,0,0,0,0,0,0,0,0,0,0,0,0,0,0,0,0,0,0,0,0,0],
   "termu": [0,1,0,0,2,1,1,0,0,0,3,2,2,1,1,1,0,0,0,0,4,3,3,2,2,2,1,1,1,1,0,0,0,0,0,5,4,4,3,3,3,2,2,2,2,1,1,1,1,1,0,0,0,0,0,0],
   "termv": [0,0,1,0,0,1,0,2,1,0,0,1,0,2,1,0,3,2,1,0,0,1,0,2,1,0,3,2,1,0,4,3,2,1,0,0,1,0,2,1,0,3,2,1,0,4,3,2,1,0,5,4,3,2,1,0],
   "coeff": [-4.139533915494032e-05,0.003698052520409576,-0.000809127534359037,-0.0003209524353398663,0.02927668606406631,-0.331260308413377,-0.3474203892130964,-0.004448227471428698,-0.002362552972822385,-0.0001012328397204069,-0.3729168347246049,0.1851652714258779,0.003876342007616299,-0.5365190369132362,-1.305454389900579,-0.734913215374189,-0.01023456920923918,-0.005766670593364655,-0.000271762869536529,2.498076222085941e-05,0.08600245326907685,-0.8643056815037383,-0.408547757923983,0.3793089296472943,0.01254411159015651,-0.001172710408763912,-0.6999131138090882,-1.618919493455929,-2.688564606450915,0.004457714479316175,-0.01094835579319058,-0.006142635722584324,-0.0003675194393446751,3.557683774574484e-05,-4.155841251611253e-07,-8.00281531186142,0.1509570619034395,0.001890732852849364,-2.576016616045323,-0.6732888067464883,-1.203244966325592,0.2508136591664977,0.008749185907370423,-0.002346213512177084,-2.519635196805617e-05,-0.5970924456264912,-0.7394846860823732,-1.267467259614597,0.005745248754944402,2.296590446529237,-0.004735393652639636,-0.002644352510049746,-0.000251181798453865,1.830038007083893e-05,2.121829381844735e-06,-1.574524015931562e-09]
  },
  {
   "outputname": "outy",
   "termr": [5,4,4,4,3,3,3,3,3,3,2,2,2,2,2,2,2,2,2,2,1,1,1,1,1,1,1,1,1,1,1,1,1,1,1,0,0,0,0,0,0,0,0,0,0,0,0,0,0,0,0,0,0,0,0,0],
   "termu": [0,1,0,0,2,1,1,0,0,0,3,2,2,1,1,1,0,0,0,0,4,3,3,2,2,2,1,1,1,1,0,0,0,0,0,5,4,4,3,3,3,2,2,2,2,1,1,1,1,1,0,0,0,0,0,0],
   "termv": [0,0,1,0,0,1,0,2,1,0,0,1,0,2,1,0,3,2,1,0,0,1,0,2,1,0,3,2,1,0,4,3,2,1,0,0,1,0,2,1,0,3,2,1,0,4,3,2,1,0,5,4,3,2,1,0],
   "coeff": [-0.005982502062349657,0.007162414834298997,0.7672804233160185,0.8609203741401308,-3.664109164059699,0.08494228185570248,-0.01713519314226986,4.397994902641593,4.134594420398835,-1.135952713398053,-2.163583067055439,-21.017240143128,2.160240808929038,0.4170348336650189,-0.0451835099152517,0.008080781226202595,12.90036908291857,13.03320807175852,-3.476924611562758,0.1619072441062731,-4.435926009196018,-8.293627015415924,-0.1656930918670782,-43.05848885807507,7.16712283555421,-1.695837341410294,0.8413240818476028,0.00552567683308504,0.03242044088242751,0.0009060067626579741,12.93704812202362,16.54143932564189,-5.411927587179661,0.06028995461271345,0.4589635292400663,-3.541580766460329,-13.4155461675003,0.6804558843330466,-7.50807888468752,-0.09236596871124539,0.05910903549550643,-32.24014847738971,5.342732404936219,-1.53178182062054,0.002116184562245855,0.5785558369182721,0.05005930253317477,0.02702863845999419,9.299259950411834e-05,-0.0001758696856755218,3.439982495915755,6.868171685486622,-1.93924017209139,-0.03039878076022673,2.299189509719325,1.280344094938231e-05]
  },
  {
   "outputname": "outu",
   "termr": [5,4,4,4,3,3,3,3,3,3,2,2,2,2,2,2,2,2,2,2,1,1,1,1,1,1,1,1,1,1,1,1,1,1,1,0,0,0,0,0,0,0,0,0,0,0,0,0,0,0,0,0,0,0,0,0],
   "termu": [0,1,0,0,2,1,1,0,0,0,3,2,2,1,1,1,0,0,0,0,4,3,3,2,2,2,1,1,1,1,0,0,0,0,0,5,4,4,3,3,3,2,2,2,2,1,1,1,1,1,0,0,0,0,0,0],
   "termv": [0,0,1,0,0,1,0,2,1,0,0,1,0,2,1,0,3,2,1,0,0,1,0,2,1,0,3,2,1,0,4,3,2,1,0,0,1,0,2,1,0,3,2,1,0,4,3,2,1,0,5,4,3,2,1,0],
   "coeff": [0.0002392058143335423,-0.03566779754435429,0.002704312885828459,-5.875534032268989e-05,0.007581094161556752,-0.03822126575286608,0.3414843730063374,0.01251550631365141,-4.683843482063082e-05,0.0001655353069725635,-0.6669777867259631,0.04546755873511454,-0.001147838318149132,0.02647910576595637,1.081063113926474,-0.5730701422956946,0.02877343642767198,-0.0002940056946020935,0.0001638990864229511,-5.503693053236557e-05,0.1375592771964198,-2.72123951068109,0.1760501365827284,0.08963978196351804,-0.006993805856349231,-0.001487595044098254,-0.38590576877994,1.497136563983959,-1.389757843533332,0.004083633349257627,0.03395176805145098,0.0002089399809120236,-1.588578578162715e-05,-4.446283118254503e-05,5.252536253623853e-06,-5.344273111345212,0.1288522212189462,-0.007008901633498711,-3.660558843660199,0.216787819382121,-0.8243576406919871,0.06255543936557068,-0.004534728474032911,-0.00107324235384625,7.536306648317203e-05,-0.9274309791297123,0.6023434141112786,-0.9130877385853757,-0.002500520312161483,0.4914846218340058,0.01661118585014335,0.0009703601969131471,-3.741818978252854e-05,-1.518858950861211e-05,4.694578869280598e-07,-5.777874606363157e-08]
  },
  {
   "outputname": "outv",
   "termr": [5,4,4,4,3,3,3,3,3,3,2,2,2,2,2,2,2,2,2,2,1,1,1,1,1,1,1,1,1,1,1,1,1,1,1,0,0,0,0,0,0,0,0,0,0,0,0,0,0,0,0,0,0,0,0,0],
   "termu": [0,1,0,0,2,1,1,0,0,0,3,2,2,1,1,1,0,0,0,0,4,3,3,2,2,2,1,1,1,1,0,0,0,0,0,5,4,4,3,3,3,2,2,2,2,1,1,1,1,1,0,0,0,0,0,0],
   "termv": [0,0,1,0,0,1,0,2,1,0,0,1,0,2,1,0,3,2,1,0,0,1,0,2,1,0,3,2,1,0,4,3,2,1,0,0,1,0,2,1,0,3,2,1,0,4,3,2,1,0,5,4,3,2,1,0],
   "coeff": [0.005530581086911825,0.0005877356290942512,0.125146254395309,0.07347667626013309,0.08062370220902884,0.001839239240842213,-0.00207536046067616,0.5021585350549165,0.04322238215293713,-0.3140180898228307,0.151616462163289,0.3593141441737108,0.02692547043600586,-0.002380744887759143,-0.01299637880911818,-0.0007558930384047365,0.977076790611244,-0.5732208622389168,-1.55639091105566,-0.005559781200324314,-1.350455965018162,0.5693194310093385,0.007076322602917514,0.5085301151702084,-0.2856623944370124,-0.6626651659185752,-0.008316724916392388,-0.02334783961774836,-0.002395181382718643,1.122587710616019e-05,0.8336424174348549,-0.8572231897289133,-1.984246751572855,0.005156566357245006,-0.333992757682292,0.2736467278686473,-2.477559031169636,-0.05360445417116535,0.5038011723678768,-0.002245396085708015,-0.004492968394323725,-0.03810207978411792,-0.3388650705551296,-0.8509979305644713,0.0005351469980450567,-0.003268988154361226,-0.01248855396657499,-0.001806882433524029,8.715043815415767e-05,1.256124453072594e-05,0.1557570878753324,-0.4051090773489984,-0.8662488380365999,0.002814261438319375,0.4914624083971279,-4.643859924855046e-06]
  }
 ]
}
